name,surname,gender,age,country
Shelby,Anmore,Male,56,Portugal
Sloane,Baylie,Male,73,China
Vanya,Lawlan,Male,57,Russia
Kari,Greggor,Female,80,Kosovo
April,Bates,Female,35,Thailand
Had,Lindermann,Male,75,Indonesia
Kilian,O' Scallan,Male,58,Portugal
Ilaire,Jarrard,Male,50,Indonesia
Ahmad,Pye,Male,79,China
Lotte,McKenny,Female,11,Vietnam
Hinze,Ridler,Male,14,China
Keary,Dwyer,Male,80,Venezuela
Athene,Castaignet,Female,38,Canada
Allissa,Atkinson,Female,29,Indonesia
Jo-anne,O'Gorman,Female,77,Democratic Republic of the Congo
Jinny,Lothean,Female,80,Indonesia
Zorine,Velareal,Female,91,China
Gloriana,Alstead,Female,16,Indonesia
Willy,Locket,Female,6,Nigeria
Brynna,Thurman,Female,90,Russia
Barthel,Fomichyov,Male,87,Thailand
Lira,Colthard,Female,15,Croatia
Zarah,Bennough,Female,68,Russia
Sherill,Tocknell,Female,7,Brazil
Brade,Ruthven,Male,55,China
Jefferson,Kulvear,Male,70,Germany
Stanly,Barchrameev,Male,54,China
Miltie,Thorpe,Male,58,Finland
Norah,Fowles,Female,64,Vietnam
Morgan,Vise,Male,98,Poland
Cesare,Mourant,Male,38,Nigeria
Karlene,Ship,Female,74,China
Kaleena,Szreter,Female,96,China
Veronika,Sampey,Female,15,China
Ryley,de Clerk,Male,11,Indonesia
Giacinta,Goulborn,Female,39,China
Tanitansy,Padwick,Female,92,Hungary
Gina,McCombe,Female,60,China
Neale,Mc Comb,Male,30,Argentina
Rowan,Knewstub,Male,84,Anguilla
Nataniel,Lantuffe,Male,100,Indonesia
Ardene,Teaz,Female,38,France
Adolph,Dowgill,Male,95,Czech Republic
Isadora,Claque,Female,96,United States
Pavia,Pitrasso,Female,100,Philippines
Karita,Ceillier,Female,7,Saint Lucia
Rossy,Bromet,Male,83,Mongolia
Bev,Viveash,Female,12,United States
Sonnnie,Waywell,Female,80,Poland
Ulrikaumeko,Decaze,Female,40,Thailand
Paula,Machans,Female,53,Indonesia
Irma,MacAlister,Female,13,Philippines
Elmer,Fronczak,Male,52,Philippines
Katharyn,Ollivier,Female,20,Indonesia
Emmet,Spriggs,Male,91,Afghanistan
Claire,Boole,Male,20,Indonesia
Enid,McCawley,Female,47,China
Layney,Bulstrode,Female,76,Portugal
Byrom,Wilcock,Male,48,Sweden
Edd,Rubenchik,Male,38,Philippines
Isa,Labat,Male,33,Poland
Karole,Najera,Female,86,Afghanistan
Rosalind,Rubke,Female,91,Mexico
Loralie,Tsar,Female,69,China
Kenn,McAughtry,Male,75,China
Lurette,Behn,Female,26,United States
Ronnie,Morison,Female,29,Czech Republic
Cal,Meeus,Male,45,France
Lorine,Rosenschein,Female,35,Indonesia
Karine,Bedingfield,Female,18,China
Ariana,Hucklesby,Female,78,Russia
Will,Le Provost,Male,50,Philippines
Findlay,Oliphant,Male,78,China
Rosemary,Grigoriscu,Female,38,United States
Cchaddie,Bolitho,Male,89,United States
Umeko,Scawton,Female,94,Colombia
Leon,McGeaney,Male,31,Brazil
Padgett,McKenny,Male,24,Brazil
Edy,Le Surf,Female,71,Poland
Francklyn,Gettone,Male,22,Nigeria
Loella,Pattinson,Female,69,China
Richmond,Edwinson,Male,95,China
Lucinda,Fairney,Female,9,Colombia
Atalanta,Myrkus,Female,7,Ukraine
Mariam,Tadman,Female,50,Djibouti
Falito,De Freyne,Male,61,Indonesia
Ephrem,Harroway,Male,65,Afghanistan
Fidela,Bleyman,Female,76,Indonesia
Broddy,Kenafaque,Male,76,Sweden
Wendeline,Addinall,Female,53,United States
Gladi,Brimblecomb,Female,95,China
Granger,Geator,Male,51,Portugal
Ange,Labuschagne,Male,5,China
Guthrie,Moysey,Male,65,China
Suzann,Branford,Female,7,China
Nedi,Vynall,Female,69,Indonesia
Solomon,Draisey,Male,49,Poland
Kala,Gouge,Female,71,Russia
Heriberto,Forrestall,Male,66,Colombia
Ambrosius,Mound,Male,50,Indonesia
Nancee,Linfoot,Female,3,Russia
Tami,Galland,Female,53,Russia
Bryant,Aikett,Male,30,China
Magdaia,Paulus,Female,85,Russia
Kacy,Lyman,Female,92,France
Theodora,Cornejo,Female,56,Albania
Baird,Vautin,Male,87,Philippines
Sunny,Edmund,Male,53,Brazil
Jaquenette,Learie,Female,65,Czech Republic
Bendick,Cossins,Male,13,China
Minnnie,Girvin,Female,6,Philippines
Perle,Oldfield-Cherry,Female,43,Armenia
Karel,Pirolini,Female,7,Morocco
Norbie,McCluskey,Male,66,Russia
Leola,Lampard,Female,16,Indonesia
Gayla,McQuilty,Female,58,China
Murdock,Carneck,Male,54,Indonesia
Marchall,Tumulty,Male,71,Ethiopia
Roy,Pahler,Male,11,Sweden
Tansy,Bessent,Female,74,Greece
Ferguson,Mea,Male,65,Albania
Roxanna,Curphey,Female,97,Bangladesh
Belle,Mulvenna,Female,5,China
Huntington,Toone,Male,91,Indonesia
Johnath,Hetterich,Female,50,Philippines
Rollins,Sabater,Male,12,Philippines
Ari,Woodfield,Male,70,Brazil
Georgina,Wones,Female,72,New Zealand
Lonni,Tierny,Female,25,Mexico
Ellary,Burree,Male,100,France
Goober,Littlepage,Male,62,Poland
Elmer,Mashal,Male,79,Indonesia
Josefina,Harding,Female,20,Nigeria
Jaclin,Bracey,Female,21,Afghanistan
Chantalle,Colquyte,Female,94,Macedonia
Karia,Vowells,Female,85,Indonesia
Burch,Campaigne,Male,40,Czech Republic
Padgett,Walesa,Male,38,United States
Cross,Pickerin,Male,39,Portugal
Sibby,Hedditch,Female,30,Equatorial Guinea
Ellette,MacKintosh,Female,42,Indonesia
Paolina,Gavaghan,Female,20,Martinique
Dita,Prigmore,Female,56,Cameroon
Editha,Tabram,Female,58,Denmark
Artemas,Yansons,Male,1,China
Karena,Sahnow,Female,63,Czech Republic
Elise,Feasey,Female,25,China
Gipsy,MacCurley,Female,86,Cambodia
Gwyn,Mathivet,Female,40,Czech Republic
Nadeen,Ioselev,Female,68,Greece
Elke,Connal,Female,94,Brazil
Ody,Jouen,Male,4,Indonesia
Gil,Buglar,Male,31,Belarus
Hersch,Dictus,Male,16,Czech Republic
Stevy,Caughte,Male,95,China
Westbrooke,Le Merchant,Male,57,Russia
Carmelina,Gladdin,Female,3,Czech Republic
Thalia,Maybury,Female,43,Brazil
Ikey,Dewerson,Male,40,Indonesia
Josias,Hearson,Male,58,Philippines
Kile,Bacup,Male,100,Afghanistan
Tiffanie,Sisselot,Female,77,China
Ketty,Byrd,Female,57,Indonesia
Benita,Llewelly,Female,23,Niger
Rosamond,Hatchell,Female,67,China
Sadye,Mattingly,Female,35,Paraguay
Bob,Gounot,Male,62,China
Nikki,Noot,Male,56,Brazil
Ellis,Cockle,Male,53,Burundi
Caritta,Stenyng,Female,46,Canada
Linn,Briant,Female,30,China
Terence,Clulow,Male,13,Brazil
Vernen,Allam,Male,74,Albania
Jake,McAusland,Male,43,Cuba
Cord,Peplow,Male,51,Croatia
Devland,Prodrick,Male,69,Indonesia
Koenraad,Keston,Male,25,Pakistan
Gracie,Dumberrill,Female,95,Russia
Waverly,Densumbe,Male,32,Malaysia
Neville,Laux,Male,6,Guatemala
Selma,Giraudy,Female,17,Uzbekistan
Pincas,Billitteri,Male,70,Sweden
Enrico,Breckin,Male,96,Ukraine
Doti,Treleaven,Female,96,Thailand
Dollie,Boich,Female,13,Belarus
Derwin,Sieghart,Male,96,Poland
Hill,Jewel,Male,88,China
Isidro,Boyde,Male,59,Russia
Augie,Starmont,Male,5,Philippines
Millard,Doxey,Male,43,Indonesia
Kittie,Milius,Female,11,Argentina
Maddie,Lavery,Male,3,Ethiopia
Conny,Rispine,Female,98,Czech Republic
Ogdan,Minchinton,Male,40,Gambia
Hermy,Ziems,Male,26,China
Leann,Roy,Female,54,China
Lucienne,Osbourn,Female,47,Poland
Kirsten,Sherewood,Female,48,Russia
Constantin,Skeete,Male,33,Tanzania
Hilly,Janak,Male,42,Chad
Leah,Labusch,Female,28,Greece
Ed,Brech,Male,35,Russia
Rutherford,Dine-Hart,Male,43,China
Carolyne,Cardenoza,Female,58,China
Friedrick,Milkeham,Male,46,Poland
Aline,Coey,Female,97,Vietnam
Dore,Cattel,Male,66,Portugal
Antonie,McVeigh,Female,15,Uganda
Marlin,Pettinger,Male,3,Benin
Ofella,Nyssen,Female,22,Greece
Tremain,Jans,Male,29,China
Fergus,Pelerin,Male,87,China
Arthur,Harner,Male,82,Serbia
Corina,Grunguer,Female,20,Portugal
Jase,Nisius,Male,67,Poland
Frayda,Cosin,Female,60,Indonesia
May,Inott,Female,75,Portugal
Devin,Lineker,Female,86,Chad
Stoddard,Fancy,Female,95,China
Hilly,Luckcock,Male,58,Peru
Celinka,Bernet,Female,66,China
Moises,Maggill'Andreis,Male,33,Indonesia
Reynolds,Kennerknecht,Male,79,China
Milli,Melledy,Female,63,Brazil
Obediah,Durling,Male,17,Armenia
Curcio,Ovens,Male,7,China
Bert,Jorgensen,Female,4,Tanzania
Becka,Grabb,Female,94,China
Neville,Chishull,Male,62,Mexico
Allina,Lassen,Female,2,Poland
D'arcy,Aitken,Male,45,China
Janot,Pillinger,Female,24,Indonesia
Staford,Dodle,Male,75,China
Parsifal,Starmont,Male,22,Indonesia
Eleonore,Spight,Female,72,Indonesia
Jacqueline,Witheford,Female,12,Portugal
Cornie,Arney,Female,42,China
Creight,Martinson,Male,5,Namibia
Tomkin,Yeskov,Male,59,United States
Gal,Popworth,Male,96,Russia
Carlyle,Lile,Male,18,Russia
Alf,Sodeau,Male,41,Mongolia
Nathan,Fidler,Male,32,Guatemala
Mandi,Domone,Female,93,Portugal
Veronique,Mixhel,Female,84,South Africa
Matti,Giddins,Female,37,Croatia
Janaya,Bosward,Female,32,Greece
Roy,Franiak,Male,41,United States
Trace,Upfold,Male,53,Azerbaijan
Paige,Slym,Female,71,Peru
Thibaut,Doodney,Male,17,Vietnam
Meta,Puckham,Female,53,China
Allis,Jaggs,Female,25,China
Lexie,Boyne,Female,13,China
Yance,Richter,Male,70,Cuba
Brook,Witcher,Male,9,United States
Jeanna,Caps,Female,44,Indonesia
Harri,Dallin,Female,46,China
Juliette,Boness,Female,15,Malaysia
Chaddy,Hayles,Male,30,China
Lynne,Brotherhood,Female,26,Bulgaria
Elwin,Cardew,Male,51,Poland
Elenore,Guyet,Female,98,Russia
Orson,Olfert,Male,88,Portugal
Yul,Beattie,Male,38,Indonesia
Terri-jo,Luther,Female,60,China
Ralf,Bartholomaus,Male,13,China
Merlina,Itzcovichch,Female,87,China
Hyatt,Kippin,Male,33,Indonesia
Giovanna,Mc Meekin,Female,53,Finland
Ardisj,Dumbreck,Female,59,Brazil
Orelie,Dreghorn,Female,31,Brazil
Sergeant,Napoli,Male,44,China
Shea,Taylot,Male,88,Brazil
Caesar,Fishbie,Male,31,Indonesia
Laetitia,Gribbon,Female,33,Mexico
Manny,Wyld,Male,33,Portugal
Krissy,Soans,Female,27,Mexico
Mariel,Hannan,Female,69,Serbia
Maegan,Kenwin,Female,39,Indonesia
Betteanne,Sporrij,Female,9,Indonesia
Lazaro,Lathy,Male,33,Indonesia
Joanne,Gauden,Female,57,Philippines
Ermentrude,Copas,Female,27,Indonesia
Cairistiona,Garvey,Female,25,Bulgaria
Carlos,Michele,Male,89,China
Melanie,Budget,Female,87,China
Risa,Swiffin,Female,87,Ethiopia
Reeva,Bockman,Female,99,Serbia
Brodie,Hindhaugh,Male,7,Norway
Lon,Perel,Male,20,Afghanistan
Tiphany,Readshall,Female,13,Russia
Fanni,Jonas,Female,45,China
Monti,Ivanikov,Male,100,Yemen
Pyotr,Borrington,Male,24,Brazil
Lora,Bartlomiejczyk,Female,11,Saudi Arabia
Ricoriki,MacIlraith,Male,35,Zambia
Leonhard,Swait,Male,63,Argentina
Rodi,Kinney,Female,81,Russia
Amandi,Durrant,Female,19,Brazil
Andy,Staton,Male,49,China
Ingram,McRonald,Male,1,Indonesia
Aurie,Rasor,Female,63,Iran
Clarey,Braffington,Female,58,China
Darsie,Mattiato,Female,27,China
Mariska,Colgan,Female,9,Kuwait
Antonetta,Clohessy,Female,94,Sweden
Huntley,MacDaid,Male,12,Indonesia
Carlo,Ties,Male,23,French Polynesia
Katerine,O'Duane,Female,57,Russia
Ewell,Waberer,Male,57,Zimbabwe
Beltran,Scorthorne,Male,76,Greece
Charissa,Gawkes,Female,10,Japan
Libby,Mallinson,Female,43,Mauritius
Myrilla,Kernaghan,Female,85,Russia
Reeva,O'Fallowne,Female,53,China
Pebrook,Vickers,Male,17,Palestinian Territory
Benedicta,Andrusyak,Female,20,Vietnam
Meggie,Radford,Female,77,Chile
Merle,Kibbee,Male,83,Indonesia
Lexy,Weblin,Female,2,Malaysia
Donny,Corrington,Male,89,China
Carney,Epple,Male,63,Russia
Maximilien,Sidden,Male,22,Sweden
Mabelle,Kevane,Female,27,Nepal
Teodoor,Dunkley,Male,48,South Africa
Natka,Burcher,Female,35,China
Merill,Windibank,Male,98,Indonesia
Orin,Atthowe,Male,63,Canada
Mitzi,Tidcomb,Female,70,Indonesia
Colene,Overy,Female,42,Poland
Brit,Splevins,Female,57,China
Alberto,Dooler,Male,86,China
Nessie,MacCarrane,Female,96,Myanmar
Todd,Naper,Male,16,China
Eada,Wyldbore,Female,64,Mongolia
Gerick,Purcell,Male,11,China
Barbie,Brenneke,Female,48,Indonesia
Kennedy,Clavey,Male,7,Sweden
Kippie,Olivello,Female,75,United States
Alyosha,Roan,Male,78,China
Reinhard,Deverson,Male,52,Uganda
Garrott,Gockelen,Male,96,Croatia
Ariel,Collington,Male,78,Australia
Northrup,Ference,Male,72,Argentina
Dina,Asser,Female,93,Greece
Carlyle,Haszard,Male,81,Indonesia
Jeanelle,Mourant,Female,84,China
Gilburt,Fildes,Male,69,China
Ab,Jonsson,Male,96,North Korea
Guthry,Philipot,Male,20,China
Wade,Fritche,Male,53,France
Julianna,Rapelli,Female,55,Indonesia
Dom,Joule,Male,55,Laos
Jarrod,MacPherson,Male,45,Indonesia
Ximenez,Chritchlow,Male,43,Thailand
Agna,Tolland,Female,23,Canada
Carin,Cannop,Female,84,Indonesia
Allys,Obbard,Female,36,Nigeria
Ario,Womersley,Male,39,Poland
Codi,Paget,Male,45,Philippines
Norrie,Maud,Male,14,China
Jarid,Torbeck,Male,61,Philippines
Charlean,Holmyard,Female,7,France
Tomas,Roly,Male,6,Indonesia
Ashlin,Rosiello,Male,95,China
Sibyl,Grinstead,Male,20,Portugal
Brandie,Loftin,Female,95,Indonesia
Lolita,Brigginshaw,Female,21,Honduras
Curry,Shellum,Male,74,China
Salmon,Pagelsen,Male,33,Philippines
Kay,Leving,Female,90,Japan
Clea,Marzello,Female,21,United Arab Emirates
Adoree,Millichip,Female,40,Belarus
Romona,Cathrall,Female,75,Indonesia
Tamiko,Sharple,Female,79,Sweden
Latrena,Latliff,Female,64,Costa Rica
Cairistiona,Arkin,Female,50,Bulgaria
Sutherlan,Gadsby,Male,40,Tunisia
Johnnie,Brothwood,Male,76,Sierra Leone
Aguste,Lundon,Male,1,Croatia
Padraic,felip,Male,17,Vietnam
Kenneth,Gordon,Male,32,Mozambique
Marshall,Ismirnioglou,Male,14,Portugal
Redd,Cleveland,Male,45,China
Hew,McLukie,Male,52,China
Elmo,FitzGilbert,Male,97,Pakistan
Eryn,French,Female,63,Indonesia
Chick,Ebertz,Male,22,Chile
Ward,Pallister,Male,43,Canada
Jessica,Skouling,Female,86,Philippines
Francisco,Wooton,Male,39,Kazakhstan
Donnie,Noye,Male,81,France
Foster,Stoneham,Male,39,Peru
Joana,Bodell,Female,26,Dominican Republic
Delcina,Leist,Female,17,China
Read,Lemoir,Male,82,Brazil
Currey,Dolphin,Male,94,Egypt
Joya,Whickman,Female,84,France
Shandra,Gornar,Female,75,Afghanistan
Georgia,Bowcher,Female,60,China
Tyrone,Chesterman,Male,17,Portugal
Hedvige,Capaldi,Female,99,Croatia
Vasily,Pagden,Male,82,China
Thayne,Klimes,Male,60,Russia
Raine,Ilymanov,Female,23,Ukraine
Karola,Griffitts,Female,60,South Korea
Monroe,Kirkhouse,Male,47,France
Aubrey,Sambedge,Male,50,China
Hunter,Carder,Male,92,Czech Republic
Helga,Erb,Female,26,Netherlands
Therese,Varnes,Female,9,China
Jo,Juschka,Male,68,Poland
Letta,Farris,Female,75,China
Winny,Cufley,Male,62,South Korea
Carlyn,Sargood,Female,60,Germany
Archy,Carlucci,Male,16,Armenia
Huey,Crookes,Male,22,Colombia
Stormie,Hindge,Female,84,China
Judith,McFaul,Female,88,Indonesia
Patty,Clavering,Male,87,Ukraine
Mandi,Wingatt,Female,93,Thailand
Bentley,Dyke,Male,52,Honduras
Alex,Marke,Female,93,Ukraine
Odele,Picton,Female,24,Nigeria
Nehemiah,McQuode,Male,83,Russia
Normy,Wearden,Male,33,China
Harlen,Bedminster,Male,40,Indonesia
Darrel,Whotton,Male,87,China
Willem,Dansey,Male,67,China
Adlai,Moncaster,Male,43,China
Baron,Trevers,Male,15,Macao
Jean,Dibson,Male,58,Malaysia
Batsheva,Bruhnke,Female,29,Venezuela
Wolfgang,Milmoe,Male,40,Indonesia
Gino,Welch,Male,24,United States
Chloe,Coucha,Female,74,China
Nikki,Aiskrigg,Male,16,Mauritius
Lina,Marquese,Female,20,Indonesia
Benjamen,Adamo,Male,35,Thailand
Eugenius,Tobias,Male,25,Portugal
Othello,Teague,Male,74,China
Donnajean,Bramley,Female,36,United States
Saunderson,Bollam,Male,21,Indonesia
Bernardina,Chiommienti,Female,28,United States
Jayme,Bernardot,Female,47,United States
Matthaeus,Pimlott,Male,31,Pakistan
Conrad,Lerven,Male,24,Malaysia
Dani,Izzat,Female,53,Afghanistan
Sidnee,Gaukroger,Male,66,Germany
Cally,Cromer,Female,49,Russia
Aldis,Thairs,Male,11,Russia
Willard,Penke,Male,78,Thailand
Gennie,Jopke,Female,88,Japan
Reinhold,Tuohy,Male,90,Greece
Hasheem,Fradgley,Male,27,Indonesia
Thornie,Keeling,Male,79,Czech Republic
Randie,Naire,Male,14,China
Galen,Tenwick,Male,65,Argentina
North,McGenn,Male,22,United States
Kyle,Scruby,Female,42,Poland
Darcy,Bonafant,Male,55,China
Sybila,Davidwitz,Female,79,South Africa
Franky,Addie,Female,36,China
Josepha,Trigwell,Female,88,Croatia
Janeen,Coleford,Female,11,China
Chloette,Moralas,Female,91,Sweden
Jaine,Keene,Female,98,Russia
Hashim,Cicchetto,Male,67,China
Chelsae,Summerlad,Female,34,Indonesia
Rheba,Dunseith,Female,43,China
Jennifer,Dullard,Female,36,Tuvalu
Alisha,Vellden,Female,27,Philippines
Rochell,Odeson,Female,100,China
Gavra,Prozescky,Female,82,China
Donalt,Lemarie,Male,31,Indonesia
Yancy,Hort,Male,53,Indonesia
Mahala,Sapseed,Female,64,Japan
Dorise,Crosgrove,Female,26,China
Celina,Mallabar,Female,62,Philippines
Rosalia,Chaney,Female,12,Sweden
Demetrius,Itzkovici,Male,45,Bangladesh
Alicia,Storch,Female,15,Jamaica
Merrily,Robotham,Female,97,Philippines
Audy,Carnilian,Female,23,China
Jasmine,Powles,Female,83,Philippines
Katti,Smallsman,Female,11,Argentina
Kamillah,Trahar,Female,62,Japan
Korrie,Jarmyn,Female,97,Philippines
Levin,Drewry,Male,81,Russia
Ursula,Taffarello,Female,82,Portugal
Myron,Pyford,Male,28,Honduras
Herbert,Williscroft,Male,11,Russia
Shela,Rawll,Female,13,Iran
Jacklin,Boothe,Female,82,Portugal
Frederic,Rains,Male,91,Portugal
Merrick,McArthur,Male,8,Indonesia
Nikki,Ingleby,Female,86,Pakistan
Bernhard,Dy,Male,34,Philippines
Harold,Corck,Male,51,Poland
Gwen,Whitney,Female,99,Russia
Winne,Burstow,Female,63,Portugal
Katey,Boat,Female,69,China
Kristal,Morfey,Female,89,Benin
Erin,Noye,Male,56,Philippines
Ken,Falk,Male,13,China
Jacqui,Parton,Female,50,Jamaica
Alexander,Bellwood,Male,44,Sweden
Teri,Oswick,Female,6,Japan
Dottie,Hansemann,Female,5,Philippines
Teresita,Corrao,Female,74,Costa Rica
Ringo,Alaway,Male,55,United States
Emelina,Dudderidge,Female,40,Thailand
Erinn,Giraldez,Female,83,Philippines
Ardys,Bosma,Female,45,Russia
Peggi,Maccree,Female,56,Bahamas
Flint,Vaen,Male,11,China
Dyane,Mohun,Female,97,Honduras
Auroora,Hargrave,Female,67,Japan
Dar,Biddwell,Male,74,Croatia
Gill,Gimlet,Female,2,Portugal
Luciano,McGivena,Male,8,Peru
Grissel,Guerrero,Female,50,Indonesia
Heinrik,Curr,Male,44,Honduras
Mallorie,Sturley,Female,100,Czech Republic
Madelin,Rabbatts,Female,19,Palestinian Territory
Michele,Janicek,Male,44,Indonesia
Kyle,Haggath,Male,87,China
Happy,Billborough,Female,51,Peru
Karine,Hartopp,Female,66,China
Henrie,Sturzaker,Female,56,Vietnam
Rheta,Tudgay,Female,37,Russia
Dana,Frankcombe,Male,82,Finland
Rodolph,Pearmine,Male,37,Brazil
Nikoletta,Ewell,Female,26,Colombia
Puff,Kubasek,Male,57,Indonesia
Dicky,Grzeszczyk,Male,94,China
Wald,Elbourne,Male,22,Russia
Giavani,Hounsham,Male,14,China
Mart,Thirtle,Male,72,Sweden
Elisha,Lunny,Male,47,South Africa
Carita,Saleway,Female,66,Brazil
Reginauld,Linn,Male,77,Croatia
Mei,Deroche,Female,54,China
Brew,Pennick,Male,59,Brazil
Hoebart,Maffucci,Male,94,Portugal
Olvan,Clinch,Male,99,Indonesia
Jsandye,Shadfourth,Female,59,Nigeria
Gustave,Row,Male,19,Indonesia
Ame,Espinazo,Female,92,Djibouti
Woodie,Szymanek,Male,49,Thailand
Arthur,Albasini,Male,12,Indonesia
Rennie,Brommage,Female,96,Nigeria
Bill,Duckels,Male,12,Russia
Nickolaus,Fateley,Male,91,El Salvador
Minni,McGarrity,Female,45,Vietnam
Davin,Lambertson,Male,6,Indonesia
Hazlett,Tewkesbury,Male,91,Guatemala
Jessey,Danneil,Male,50,Peru
Eric,Gentner,Male,83,Greece
Crichton,Venners,Male,12,Russia
Toni,McNelis,Female,70,Indonesia
Robby,Chapleo,Male,73,France
Sol,Legan,Male,13,Belgium
Kurt,Gummow,Male,32,Indonesia
Andres,Waliszewski,Male,16,Russia
Coretta,Biggans,Female,77,China
Chris,Dootson,Male,68,Colombia
Jaquenette,Burditt,Female,54,Kenya
Dorri,Paike,Female,4,Peru
Hardy,Melvin,Male,36,Russia
Zacharie,Threlkeld,Male,94,Palestinian Territory
Roosevelt,Myhan,Male,60,Palau
Camilla,Zotto,Female,91,Poland
Elwood,Oene,Male,49,China
Roobbie,Camell,Female,98,Russia
Merlina,Tapley,Female,52,Indonesia
Thomasin,Ure,Female,27,Russia
Griffy,Campagne,Male,17,Bulgaria
Alvira,Barthot,Female,22,France
Howard,Jowle,Male,69,Portugal
Karia,Studd,Female,64,China
David,Errichelli,Male,38,Finland
Sarina,Carnew,Female,74,China
Cindy,Tunnacliffe,Female,63,France
Kellyann,Mark,Female,39,China
Vina,Putley,Female,22,Russia
Adora,MacGorrie,Female,6,Philippines
Bell,Dallan,Female,1,China
Raychel,Andras,Female,24,Bosnia and Herzegovina
Mateo,Celler,Male,54,Peru
Elsie,Farrand,Female,82,Myanmar
Harbert,Witnall,Male,43,Brazil
Kirstin,Giacometti,Female,24,Argentina
Ermina,Dow,Female,85,Bosnia and Herzegovina
Kizzie,Gierth,Female,69,Mexico
Yule,Heaffey,Male,31,Bangladesh
Ganny,Steketee,Male,37,Spain
Halette,Andrioletti,Female,38,Benin
Mort,Tearney,Male,41,China
Tammie,Halpeine,Female,66,China
Jenilee,Epdell,Female,41,Peru
Lian,Raden,Female,85,China
Arlana,Baxster,Female,87,China
Iain,Rief,Male,63,China
Morganne,Syme,Female,15,Kuwait
Emmalynn,Mattei,Female,86,Japan
Sasha,Renhard,Female,39,China
Rosemonde,Seyers,Female,43,China
Cullan,Duckerin,Male,88,Mongolia
Vale,Wigsell,Female,67,Portugal
Jonie,Coundley,Female,80,Serbia
Alf,Di Gregorio,Male,1,Honduras
Hal,Badder,Male,45,Bangladesh
Brose,Sabates,Male,4,Maldives
Melodee,Petri,Female,52,Laos
Aaron,Kuhlmey,Male,55,Slovenia
Laurel,Pulford,Female,9,Indonesia
Maye,Garcia,Female,77,Poland
Orelle,Lanbertoni,Female,78,Russia
Wilow,todor,Female,75,Indonesia
Murdoch,Sallowaye,Male,6,Haiti
Stephi,Manuelli,Female,79,Luxembourg
Valencia,Fassman,Female,65,Syria
Ardis,Scandwright,Female,97,China
Rutter,Armistead,Male,61,China
Bea,Player,Female,38,Russia
Linell,Ikins,Female,20,China
Brigham,Bassick,Male,83,Indonesia
Debbie,Langrick,Female,13,Japan
Scott,MacCaig,Male,1,Colombia
Balduin,Mahedy,Male,35,Indonesia
Jana,Chantler,Female,100,Brazil
Tamiko,Casaletto,Female,94,China
Bartlett,Edbrooke,Male,55,Kenya
Sandro,Pingstone,Male,64,Croatia
Barnabas,Margiotta,Male,46,Poland
Kittie,Sallnow,Female,97,Croatia
Timothy,Aland,Male,61,Japan
Chase,Louis,Male,16,Philippines
Bordy,Christofor,Male,77,China
Chester,Leith-Harvey,Male,83,China
Phip,Hanna,Male,59,Democratic Republic of the Congo
Vanny,Gull,Female,34,Portugal
Gabby,Sarjeant,Male,55,Bulgaria
Deeann,Lorman,Female,59,Mexico
Ilario,O'Lennachain,Male,71,Barbados
Ilka,Lenden,Female,49,Cuba
Blake,Luetchford,Male,59,Indonesia
Merna,Hubbocks,Female,58,Estonia
Rand,Opfer,Male,24,Cuba
Lynne,Iacopo,Female,59,China
Evania,Okroy,Female,18,China
Gabe,Branni,Male,98,China
Gratia,Sinton,Female,8,France
Karim,Hincham,Male,14,China
Jacquie,Goade,Female,38,Philippines
Diane,Youdell,Female,40,Mauritius
Tracie,Dutnall,Female,77,Tanzania
Dennie,Dicey,Male,32,Philippines
Andrej,Glackin,Male,73,China
Lynne,Zimmerman,Female,2,Ukraine
Alf,Brasner,Male,26,Colombia
Aluino,Coventon,Male,83,Poland
Lily,Trustie,Female,5,China
Neala,Shipman,Female,79,China
Elisabeth,McLukie,Female,25,Sweden
Nicky,MacAfee,Female,70,Russia
Bobbye,Rousel,Female,26,Guatemala
Fania,Piatti,Female,21,France
Laurena,Passion,Female,36,Equatorial Guinea
Lane,Wagner,Female,43,Ecuador
Aleta,Lantoph,Female,74,United States
Kelbee,Jedrasik,Male,6,China
Victoria,O'Gormally,Female,25,Sweden
Trumaine,Tow,Male,66,Greece
Auroora,Asplin,Female,6,Canada
Marcelline,Stocken,Female,66,Indonesia
Alice,Capner,Female,47,Mongolia
Norris,Jorck,Male,84,Cameroon
Corbett,Bakesef,Male,57,France
Danila,Philpott,Female,56,Indonesia
Gregor,Fancutt,Male,70,United Kingdom
Nicolais,Carlyon,Male,72,Iraq
Otho,Cuesta,Male,35,Egypt
Maren,Bjorkan,Female,64,Macedonia
Ernie,Jiran,Male,13,Uruguay
Herrick,Thurman,Male,63,El Salvador
Boycey,Hardison,Male,75,China
Carmelina,Dewire,Female,37,Ukraine
Kacy,Greene,Female,63,Venezuela
Mikkel,De Caville,Male,39,China
Humfrey,Balchin,Male,28,Philippines
Richy,Beacon,Male,30,Indonesia
Purcell,Swayne,Male,18,Brazil
Erny,Sherrell,Male,76,Russia
Yoko,Ewer,Female,99,China
Kippie,Barstock,Female,64,China
Vaughan,Boal,Male,10,Indonesia
Samuel,Admans,Male,32,Russia
Georgetta,McCrudden,Female,43,China
Hakeem,Dundredge,Male,15,Denmark
Reed,Greenshiels,Male,98,China
Amalee,Gantley,Female,35,Russia
Cliff,Izkovitz,Male,21,China
Marcy,Gloy,Female,2,Ireland
Preston,Colqueran,Male,89,Portugal
Had,Lind,Male,31,Greece
Bell,Simchenko,Female,2,Philippines
Doti,Mucklo,Female,68,Mexico
Briggs,Hinkes,Male,35,Haiti
Vincenty,Sabati,Male,27,Indonesia
Miguel,Clyma,Male,8,Czech Republic
Carlo,Cozens,Male,23,Nepal
Britta,Crothers,Female,92,Canada
Seamus,Teanby,Male,39,Indonesia
Alair,Abby,Male,62,Syria
Cathie,Fenkel,Female,68,China
Mohandas,Willis,Male,45,Armenia
Doralynne,Bambery,Female,50,Russia
Christal,Gerardi,Female,31,Poland
Maurice,Kalisz,Male,41,China
Hyman,Haberjam,Male,56,Peru
Elfrida,Treswell,Female,88,Indonesia
Jesselyn,Hayler,Female,1,Albania
Jasmin,Scanlon,Female,18,China
Tobey,Dreschler,Female,80,Philippines
Seward,Jovicevic,Male,96,China
Thane,Esland,Male,31,Slovenia
Joachim,Celier,Male,98,China
Jamesy,Burrage,Male,78,Serbia
Clement,Center,Male,37,Indonesia
Kristy,Gadsdon,Female,45,United States
Madge,Entreis,Female,69,Mexico
Brendan,Inglese,Male,90,Philippines
Angeli,Pullar,Male,25,Philippines
Doris,Dermott,Female,61,China
Rey,MacSherry,Female,60,Bosnia and Herzegovina
Osborn,Wethered,Male,12,China
Marieann,Grundwater,Female,76,Palestinian Territory
Dexter,Janz,Male,54,China
Christiano,Antonutti,Male,11,China
Consalve,Livett,Male,70,Brazil
Grethel,Gallegos,Female,57,New Zealand
Waldemar,Lusher,Male,78,Greece
Daryle,Burkart,Male,81,Philippines
Rourke,Rooney,Male,100,United States
Vernice,Downse,Female,62,China
Port,Bachman,Male,21,United Kingdom
Scotti,Duffield,Male,39,United States
Cherilyn,Penella,Female,62,Finland
Ellis,Brandts,Male,7,Russia
Petronia,Mariel,Female,7,Russia
Alessandro,Linsay,Male,15,Macedonia
Horatio,Suggate,Male,72,Honduras
Orin,Hillitt,Male,60,France
Lurline,McNelis,Female,53,Saudi Arabia
Ernst,Pover,Male,19,Mexico
Midge,McCrea,Female,40,Russia
Alyson,Philbin,Female,2,Portugal
Becca,Andrusyak,Female,6,China
Kaleb,Robertsen,Male,59,China
Vicky,Meysham,Female,90,Nicaragua
Nanete,Slipper,Female,97,Sweden
Judith,Auten,Female,70,Portugal
Kare,Winskill,Female,46,Russia
Tyler,Heis,Male,88,Russia
Carter,Butfield,Male,68,China
Almeta,Diggens,Female,16,Poland
Gina,Rawles,Female,48,Estonia
Lulu,Lamborn,Female,98,Sweden
Kalila,Reaper,Female,44,Indonesia
Molli,Dyerson,Female,65,Indonesia
Anissa,Freddi,Female,10,China
Dougy,McCombe,Male,33,Ukraine
Ardys,Reuble,Female,10,China
Fancie,Phare,Female,90,Thailand
Shane,Iacopetti,Male,56,Portugal
Kathrine,Girardey,Female,23,Brazil
Selby,McIlherran,Male,47,Sweden
Orv,Camps,Male,9,Indonesia
Cyndia,Stockney,Female,82,Djibouti
Rodi,Casacchia,Female,47,Dominican Republic
Harry,Vagges,Male,83,Indonesia
Christophorus,Lammert,Male,3,Indonesia
Gusti,Say,Female,48,Germany
Radcliffe,Creffield,Male,46,France
Pren,Deerness,Male,60,Uganda
Eveline,Castells,Female,1,Indonesia
Druci,Heaker,Female,24,Serbia
Minni,Monteaux,Female,12,Colombia
Samantha,Hylands,Female,98,Czech Republic
Terrance,Oldford,Male,32,Indonesia
Darius,Wyke,Male,45,China
Drucy,Hayford,Female,41,Portugal
Hanan,Bleier,Male,32,Sweden
Ruttger,Rosewarne,Male,3,China
Wendeline,MacCleod,Female,78,China
Kirbee,Kaspar,Female,39,France
Fulvia,Triggol,Female,94,China
Shirley,Weatherhill,Female,81,Solomon Islands
Bobbette,Mellenby,Female,56,Vietnam
Joey,Rowes,Female,57,Luxembourg
Kimball,Libermore,Male,29,France
Alfredo,Bartrum,Male,71,China
Ira,Wolfe,Male,85,Philippines
Joana,Mebs,Female,88,Indonesia
Rosemaria,Huyge,Female,17,Guatemala
Nata,Rennenbach,Female,3,Senegal
Blaine,Graith,Male,85,Luxembourg
Tanner,Standell,Male,92,Albania
Pernell,Skoggins,Male,15,Japan
Lelia,Buckhurst,Female,49,Cuba
Adrianna,Misk,Female,13,Ecuador
Mavis,Gilhooley,Female,51,Czech Republic
Adelind,Lillistone,Female,95,Ecuador
Goldarina,Dorgan,Female,58,Brazil
Carlye,Arntzen,Female,3,China
Frayda,Chesterfield,Female,89,Kazakhstan
Dorice,Thorwarth,Female,67,France
Kimball,Simkovich,Male,90,Brazil
Agatha,De Bernardi,Female,17,China
Jan,Marples,Male,3,China
Bronnie,Turnor,Male,54,Germany
Jethro,Chaloner,Male,39,France
Karim,Bullard,Male,66,Indonesia
Ardelia,Kantor,Female,24,Indonesia
Ingemar,Stanyan,Male,100,Vietnam
Carolina,Martinson,Female,55,Indonesia
Marve,Salvatore,Male,11,Luxembourg
Colman,Ranahan,Male,73,Philippines
Jordana,Neggrini,Female,3,Poland
Natala,Burdytt,Female,77,Moldova
Ninetta,Gylle,Female,81,France
Vivie,Mc Ilory,Female,16,Uruguay
Mady,Christou,Female,85,Poland
Devon,Duddell,Female,11,Malaysia
Phedra,Clemencet,Female,64,Colombia
Abe,Dowden,Male,11,Russia
Lisle,Tine,Male,39,Russia
Marlene,Krollmann,Female,25,China
Maddi,Ugo,Female,5,Comoros
Orrin,Halbeard,Male,75,Democratic Republic of the Congo
Jermaine,Klaggeman,Female,77,Russia
Colman,Shemmin,Male,5,Ecuador
Jorrie,Dietz,Female,85,Russia
Vernor,Upham,Male,40,China
Ingamar,Gurley,Male,98,Philippines
Sara-ann,Ferraraccio,Female,78,Japan
Elana,Euston,Female,42,Azerbaijan
Freda,Daintree,Female,65,Argentina
Reggy,Gregorin,Male,64,Croatia
Rowney,Jann,Male,100,Russia
Dreddy,Marham,Female,92,China
Thor,Liley,Male,80,Costa Rica
Ophelia,Habbijam,Female,63,China
Falkner,Hayle,Male,74,South Korea
Hermie,Devitt,Male,36,Brazil
Ced,Scholz,Male,93,Czech Republic
Irving,Baldazzi,Male,98,France
Lily,Sopper,Female,6,Bosnia and Herzegovina
Dina,Bonafacino,Female,39,Dominican Republic
Baldwin,Risdale,Male,2,Sweden
Kellia,Domesday,Female,23,Mauritania
Stacia,Bullocke,Female,78,Eritrea
Harv,Schonfelder,Male,28,Cocos Islands
Leah,Housden,Female,53,United States
Esmaria,Russo,Female,94,China
Giffard,Dunsire,Male,84,Brazil
Drucie,Rogerot,Female,71,Tanzania
Jecho,Baroux,Male,1,Indonesia
Toiboid,Dimitriades,Male,58,Japan
Kaiser,Dyka,Male,4,Republic of the Congo
Roseanna,Fitzsymons,Female,71,Poland
Dacey,Duckett,Female,76,France
Rosina,Jimenez,Female,8,China
Ambrosi,Philippart,Male,53,Poland
Thedrick,Grigolashvill,Male,63,China
Avrit,Dorkins,Female,10,China
Bertrand,Copyn,Male,55,China
Bertie,Challenor,Male,4,Ethiopia
Ewart,Durrant,Male,2,Russia
Marya,Jozefiak,Female,73,China
Stefania,Fetherstone,Female,40,China
Carmen,O'Mullally,Female,63,Philippines
Wyatt,Fleckness,Male,62,China
Jakie,Davidovitch,Male,64,China
Griselda,Liccardo,Female,45,China
Nyssa,MacKartan,Female,74,Venezuela
Lucky,Ratke,Female,39,China
Izabel,Petrelluzzi,Female,15,Thailand
Bunny,Jasper,Female,95,France
Sari,Stobie,Female,86,Russia
Felix,Toyer,Male,2,South Africa
Lou,Britner,Female,87,France
Marianne,Howton,Female,98,China
Stephannie,Dalyiel,Female,40,Indonesia
Chilton,Forman,Male,9,Afghanistan
Pyotr,Duplain,Male,50,China
Neil,Hourahan,Male,65,United States
Tana,Naismith,Female,13,Ecuador
Hetti,Iacovino,Female,60,South Sudan
Janina,Giannasi,Female,70,United States
Antoni,O'Hern,Male,83,Poland
L;urette,Fritzer,Female,32,France
Harriot,Martinetto,Female,94,Philippines
Loutitia,Border,Female,99,Greece
Berenice,Antham,Female,64,Portugal
Sibby,Siddeley,Female,7,Japan
Rochell,Whipp,Female,25,Russia
Gino,Casiroli,Male,44,Peru
Eustace,Youles,Male,93,Colombia
Iver,Ewart,Male,69,Morocco
Hendrik,Halsey,Male,42,Latvia
Karin,Hugues,Female,2,Philippines
Maighdiln,Cathie,Female,5,Serbia
Addy,Gladdifh,Male,92,France
Alphonso,Scoines,Male,38,South Africa
Malva,Treweke,Female,90,China
Lurline,Waddie,Female,21,China
Spike,Kurt,Male,24,China
Modestia,Routley,Female,76,Portugal
Tyrone,Brady,Male,86,Russia
Bran,Kaye,Male,89,United States
George,Cran,Female,83,Sweden
Ellery,Eck,Male,75,Ecuador
Stephana,Patrick,Female,61,Poland
Derward,Coughlin,Male,48,China
Abelard,Durning,Male,28,Finland
Karalynn,Fruchon,Female,33,Nigeria
Meredith,Christy,Male,74,Indonesia
Georgie,Dowson,Male,20,Portugal
Syman,Manvelle,Male,30,China
Alfred,Addy,Male,2,China
Gustie,Gonsalvo,Female,55,China
Jackquelin,Buncom,Female,8,Japan
Tab,Denyakin,Male,6,Mongolia
Geoffry,Soames,Male,11,China
Lindi,Butterly,Female,30,Argentina
Lilla,Beadman,Female,32,Indonesia
Perkin,Footitt,Male,90,Brazil
Nicolle,Becconsall,Female,83,China
Ignaz,Grigorian,Male,90,Portugal
Ravid,Dabner,Male,34,Sweden
Vincenty,Feechan,Male,99,China
Raddie,Humble,Male,55,Indonesia
Dell,Wilstead,Male,93,Armenia
Bette-ann,Housecroft,Female,37,Colombia
Jerry,Simoneschi,Male,21,Indonesia
Brien,Burbudge,Male,39,Argentina
Frank,Samms,Female,68,China
Mag,Nicholl,Female,9,Peru
Keeley,Ratazzi,Female,60,Indonesia
Kirk,Gumly,Male,36,China
Silvia,Addinall,Female,100,Portugal
Haze,Thormwell,Male,48,Bangladesh
Mia,Despenser,Female,18,Thailand
Nate,Swift,Male,86,France
Manda,Godehard.sf,Female,72,Poland
Haskel,Ourtic,Male,61,Mongolia
Eddy,Falcus,Female,32,Ukraine
Kendal,Edmands,Male,43,China
Florinda,Darrington,Female,63,Vietnam
Quent,Vanni,Male,26,Chile
Jorrie,Casajuana,Female,38,Indonesia
Holly,Simonian,Female,81,Thailand
Ezri,McMahon,Male,55,China
Joshua,Forsyde,Male,31,Russia
Dall,Snaith,Male,85,Russia
Philippe,O'Neill,Female,87,China
Carla,Dreger,Female,87,China
Malena,Verlinde,Female,5,Indonesia
Des,Gabe,Male,64,Spain
Kingston,Sharma,Male,43,Philippines
Darrick,Pauer,Male,55,United States
Rodolphe,Buie,Male,91,China
Mala,Tallow,Female,2,China
Ernesto,Kingsly,Male,81,Portugal
Pavia,Brigman,Female,30,Portugal
Alica,Edbrooke,Female,12,China
Pincus,Baleine,Male,56,Russia
Anthia,McGaraghan,Female,22,Ecuador
Jacques,Dally,Male,44,China
Svend,Rissen,Male,36,United States
Claiborn,Matthewes,Male,30,Nigeria
Rolland,Malloch,Male,92,Philippines
Trisha,Weeden,Female,52,Japan
Gloriane,Balfour,Female,65,Finland
Nicol,Kindell,Male,42,China
Merilyn,Paolino,Female,22,Brazil
Korey,Shergill,Male,11,South Korea
Irma,Bisterfeld,Female,70,Poland
Wini,Bonifant,Female,59,Serbia
Lotta,Baildon,Female,42,France
Kayne,Cranney,Male,63,Japan
Ollie,Straneo,Male,9,Pakistan
Durward,Baradel,Male,89,Poland
Nadine,Gatch,Female,9,Egypt
Austine,Lodden,Female,34,Portugal
Livvie,Cleatherow,Female,100,Uzbekistan
